name,keywords
Green Energy Solutions LLC,solar panels renewable energy installation maintenance electrical
Bay Area Office Supply,office supplies paper pens furniture desk chairs filing cabinets
Community Catering Co,food catering meals breakfast lunch dinner events conferences
EcoClean Services,cleaning supplies janitorial maintenance eco friendly sanitization
TechFix Solutions,computer repair IT services laptop desktop maintenance networking
Local Fleet Management,vehicle transportation fleet management logistics delivery
Strategic Business Consulting,consulting services business advice management strategy planning
Custom Uniform Company,uniforms clothing workwear custom embroidery apparel safety gear
Pacific Lab Supplies,laboratory equipment chemicals testing supplies scientific research
Digital Print Solutions,printing services marketing materials brochures business cards banners
Sustainable Landscaping,landscaping grounds maintenance plants trees irrigation gardening
Medical Equipment Plus,medical equipment supplies healthcare devices surgical instruments
Educational Technology Co,educational technology software training learning management systems
Security Systems Pro,security systems cameras alarms access control surveillance
Facility Maintenance Group,facility maintenance HVAC plumbing electrical repairs building
